timestamp,time,open,high,low,close,volume
1739080800000,1739080800000,0.07282,0.07964,0.07221,0.07557,16919795.0
1739102400000,1739102400000,0.07557,0.0766,0.07235,0.07452,11494413.0
1739124000000,1739124000000,0.07452,0.07908,0.07192,0.07524,20569256.0
1739145600000,1739145600000,0.07524,0.07821,0.07321,0.07648,10692237.0
1739167200000,1739167200000,0.07648,0.08499,0.07595,0.08185,43635790.0
1739188800000,1739188800000,0.08185,0.08425,0.07866,0.08102,24042920.0
1739210400000,1739210400000,0.08102,0.08286,0.08055,0.08197,6331379.0
1739232000000,1739232000000,0.08197,0.08589,0.08185,0.08568,7572924.0
1739253600000,1739253600000,0.08568,0.0859,0.0811,0.08254,11004645.0
1739275200000,1739275200000,0.08254,0.08254,0.07812,0.07871,6961900.0
1739296800000,1739296800000,0.07871,0.07871,0.07617,0.0768,7472022.0
1739318400000,1739318400000,0.0768,0.07712,0.07451,0.07589,5617691.0
1739340000000,1739340000000,0.07589,0.07763,0.07509,0.0769,7474458.0
1739361600000,1739361600000,0.0769,0.08431,0.0724,0.08211,37022175.0
1739383200000,1739383200000,0.08211,0.08584,0.08117,0.08425,33734788.0
1739404800000,1739404800000,0.08425,0.0857,0.08252,0.08384,7426830.0
1739426400000,1739426400000,0.08384,0.08384,0.07989,0.08082,5992119.0
1739448000000,1739448000000,0.08082,0.08178,0.07875,0.07962,5572906.0
1739469600000,1739469600000,0.07962,0.08141,0.0789,0.07898,4977072.0
1739491200000,1739491200000,0.07898,0.0812,0.07773,0.07942,6136913.0
1739512800000,1739512800000,0.07942,0.08169,0.0791,0.08014,5020484.0
1739534400000,1739534400000,0.08014,0.08951,0.07948,0.08725,25146923.0
1739556000000,1739556000000,0.08725,0.08836,0.08381,0.08585,11106456.0
1739577600000,1739577600000,0.08585,0.08863,0.08521,0.08751,7370206.0
1739599200000,1739599200000,0.08751,0.09437,0.08677,0.09294,49913160.0
1739620800000,1739620800000,0.09294,0.09388,0.08608,0.08721,41397798.0
1739642400000,1739642400000,0.08721,0.09,0.08651,0.08851,28436812.0
1739664000000,1739664000000,0.08851,0.08926,0.08556,0.08786,8289598.0
1739685600000,1739685600000,0.08786,0.08945,0.08712,0.08788,8757982.0
1739707200000,1739707200000,0.08788,0.08801,0.08582,0.08684,10685719.0
1739728800000,1739728800000,0.08684,0.08688,0.08449,0.08496,14557659.0
1739750400000,1739750400000,0.08496,0.08574,0.0823,0.08363,5457874.0
1739772000000,1739772000000,0.08363,0.0863,0.08302,0.08597,5887352.0
1739793600000,1739793600000,0.08597,0.0874,0.08209,0.08283,15794007.0
1739815200000,1739815200000,0.08283,0.08403,0.08099,0.08329,12395227.0
1739836800000,1739836800000,0.08329,0.08385,0.08136,0.08139,5023279.0
1739858400000,1739858400000,0.08139,0.08155,0.07911,0.08038,6704133.0
1739880000000,1739880000000,0.08038,0.08183,0.07651,0.07784,8674352.0
1739901600000,1739901600000,0.07784,0.07976,0.07719,0.07958,4710907.0
1739923200000,1739923200000,0.07958,0.08048,0.07858,0.07944,3279363.0
1739944800000,1739944800000,0.07944,0.08296,0.07937,0.08271,5054869.0
1739966400000,1739966400000,0.08271,0.08338,0.08105,0.08195,7888845.0
1739988000000,1739988000000,0.08195,0.08258,0.08048,0.08184,5425218.0
1740009600000,1740009600000,0.08184,0.08292,0.08067,0.08093,3923757.0
1740031200000,1740031200000,0.08093,0.08154,0.07981,0.08086,2799264.0
1740052800000,1740052800000,0.08086,0.08352,0.08001,0.08261,16973604.0
1740074400000,1740074400000,0.08261,0.08498,0.0822,0.08448,5571060.0
1740096000000,1740096000000,0.08448,0.08702,0.0837,0.08672,4586021.0
1740117600000,1740117600000,0.08672,0.08905,0.08559,0.08813,8873180.0
1740139200000,1740139200000,0.08813,0.08952,0.0837,0.08389,9413781.0
1740160800000,1740160800000,0.08389,0.08417,0.07984,0.0802,7961176.0
1740182400000,1740182400000,0.0802,0.08059,0.07904,0.08039,3479401.0
1740204000000,1740204000000,0.08039,0.08229,0.08012,0.08206,2156387.0
1740225600000,1740225600000,0.08206,0.08441,0.08004,0.08346,15604447.0
1740247200000,1740247200000,0.08346,0.08399,0.08205,0.08284,2352957.0
1740268800000,1740268800000,0.08284,0.08555,0.08241,0.08441,2936817.0
1740290400000,1740290400000,0.08441,0.08466,0.08176,0.08191,2750094.0
1740312000000,1740312000000,0.08191,0.08253,0.08094,0.08159,3545887.0
1740333600000,1740333600000,0.08159,0.08273,0.08069,0.08203,2960134.0
1740355200000,1740355200000,0.08203,0.08239,0.07757,0.07979,3804479.0
1740376800000,1740376800000,0.07979,0.08076,0.07828,0.07952,5239016.0
1740398400000,1740398400000,0.07952,0.08072,0.07787,0.07908,8990667.0
1740420000000,1740420000000,0.07908,0.07933,0.06914,0.07089,12285814.0
1740441600000,1740441600000,0.07089,0.07324,0.06913,0.0726,10136416.0
1740463200000,1740463200000,0.0726,0.07281,0.06677,0.07233,10697582.0
1740484800000,1740484800000,0.07233,0.07352,0.06979,0.07224,6658998.0
1740506400000,1740506400000,0.07224,0.07542,0.07204,0.07451,3471715.0
1740528000000,1740528000000,0.07451,0.07555,0.07351,0.07436,1902402.0
1740549600000,1740549600000,0.07436,0.07701,0.07407,0.07517,6229753.0
1740571200000,1740571200000,0.07517,0.0756,0.07182,0.07212,6996439.0
1740592800000,1740592800000,0.07212,0.07493,0.06967,0.07344,10366702.0
1740614400000,1740614400000,0.07344,0.07515,0.0726,0.07502,1984240.0
1740636000000,1740636000000,0.07502,0.0758,0.0745,0.07482,2390666.0
1740657600000,1740657600000,0.07482,0.07508,0.07231,0.07319,3164442.0
1740679200000,1740679200000,0.07319,0.07348,0.07036,0.07238,4113446.0
1740700800000,1740700800000,0.07238,0.07256,0.06642,0.06769,8793466.0
1740722400000,1740722400000,0.06769,0.06865,0.06582,0.06788,4743627.0
1740744000000,1740744000000,0.06788,0.07257,0.0672,0.07169,4496401.0
1740765600000,1740765600000,0.07169,0.07532,0.07158,0.07437,22412317.0
1740787200000,1740787200000,0.07437,0.07575,0.07325,0.07472,1862532.0
1740808800000,1740808800000,0.07472,0.07475,0.07206,0.07233,2507535.0
1740830400000,1740830400000,0.07233,0.07259,0.07079,0.07125,2255659.0
1740852000000,1740852000000,0.07125,0.07609,0.07095,0.07518,13898697.0
1740873600000,1740873600000,0.07518,0.07551,0.07396,0.0744,2285244.0
1740895200000,1740895200000,0.0744,0.07592,0.07389,0.07506,2677441.0
1740916800000,1740916800000,0.07506,0.09043,0.07279,0.08185,47432621.0
1740938400000,1740938400000,0.08185,0.09223,0.08152,0.09045,49771904.0
1740960000000,1740960000000,0.09045,0.09565,0.08849,0.09124,22127870.0
1740981600000,1740981600000,0.09124,0.09143,0.08684,0.08952,32144267.0
1741003200000,1741003200000,0.08952,0.09243,0.08684,0.08817,31535974.0
1741024800000,1741024800000,0.08817,0.0883,0.08087,0.08231,17626162.0
1741046400000,1741046400000,0.08231,0.08336,0.07503,0.07861,13547932.0
1741068000000,1741068000000,0.07861,0.08169,0.07719,0.07752,7938847.0
1741089600000,1741089600000,0.07752,0.08195,0.07407,0.07963,17012579.0
1741111200000,1741111200000,0.07963,0.08132,0.07857,0.07896,6450125.0
1741132800000,1741132800000,0.07896,0.07992,0.07544,0.07616,3215518.0
1741154400000,1741154400000,0.07616,0.08112,0.07551,0.07996,4705138.0
1741176000000,1741176000000,0.07996,0.08142,0.07476,0.07794,8173231.0
1741197600000,1741197600000,0.07794,0.08039,0.07763,0.07891,5174848.0
1741219200000,1741219200000,0.07891,0.08184,0.07859,0.07995,4617491.0
1741240800000,1741240800000,0.07995,0.08087,0.07866,0.07897,4099227.0
1741262400000,1741262400000,0.07897,0.07922,0.07352,0.07451,5760923.0
1741284000000,1741284000000,0.07451,0.07539,0.07235,0.07323,6771707.0
1741305600000,1741305600000,0.07323,0.07386,0.06832,0.07272,8329241.0
1741327200000,1741327200000,0.07272,0.07405,0.07239,0.07341,2680877.0
1741348800000,1741348800000,0.07341,0.07599,0.07251,0.07376,5120773.0
1741370400000,1741370400000,0.07376,0.07586,0.07118,0.07147,3876203.0
1741392000000,1741392000000,0.07147,0.07337,0.07043,0.07235,3849098.0
1741413600000,1741413600000,0.07235,0.0726,0.07013,0.07083,2108459.0
1741435200000,1741435200000,0.07083,0.07273,0.07022,0.07114,5714052.0
1741456800000,1741456800000,0.07114,0.0716,0.06967,0.07042,5781293.0
1741478400000,1741478400000,0.07042,0.07045,0.06894,0.06918,1568080.0
1741500000000,1741500000000,0.06918,0.06986,0.065,0.06635,8265052.0
1741521600000,1741521600000,0.06635,0.06917,0.06224,0.06262,15049124.0
1741543200000,1741543200000,0.06262,0.06536,0.06115,0.06411,6870542.0
1741564800000,1741564800000,0.06411,0.06644,0.06276,0.06597,4439915.0
1741586400000,1741586400000,0.06597,0.06847,0.06465,0.0669,5180370.0
1741608000000,1741608000000,0.0669,0.06756,0.06023,0.06042,11997260.0
1741629600000,1741629600000,0.06042,0.06192,0.05822,0.05925,8761680.0
1741651200000,1741651200000,0.05925,0.06195,0.05454,0.06139,11994529.0
1741672800000,1741672800000,0.06139,0.06333,0.06088,0.06182,5955052.0
1741694400000,1741694400000,0.06182,0.06331,0.05888,0.06157,12323674.0
1741716000000,1741716000000,0.06157,0.06493,0.06157,0.06308,6767036.0
1741737600000,1741737600000,0.06308,0.06452,0.06157,0.06245,2605357.0
1741759200000,1741759200000,0.06245,0.06555,0.06205,0.06463,3730058.0
1741780800000,1741780800000,0.06463,0.06686,0.06292,0.06468,6857792.0
1741802400000,1741802400000,0.06468,0.06602,0.06429,0.06541,1944496.0
1741824000000,1741824000000,0.06541,0.06579,0.06305,0.06338,3116191.0
1741845600000,1741845600000,0.06338,0.06538,0.06304,0.06458,1925083.0
1741867200000,1741867200000,0.06458,0.06576,0.06166,0.06196,3655843.0
1741888800000,1741888800000,0.06196,0.06325,0.06123,0.06275,2225871.0
1741910400000,1741910400000,0.06275,0.06431,0.06242,0.06378,1684836.0
1741932000000,1741932000000,0.06378,0.0651,0.06357,0.06451,2633066.0
1741953600000,1741953600000,0.06451,0.06701,0.06415,0.06565,11318643.0
1741975200000,1741975200000,0.06565,0.06637,0.06475,0.06478,3206278.0
1741996800000,1741996800000,0.06478,0.06598,0.06442,0.06503,4855524.0
1742018400000,1742018400000,0.06503,0.06534,0.06448,0.06503,1905222.0
1742040000000,1742040000000,0.06503,0.06764,0.06439,0.06715,13182346.0
1742061600000,1742061600000,0.06715,0.07048,0.0666,0.06972,25588669.0
1742083200000,1742083200000,0.06972,0.07309,0.06827,0.07149,15400762.0
1742104800000,1742104800000,0.07149,0.07152,0.06653,0.06699,11896618.0
1742126400000,1742126400000,0.06699,0.06824,0.06599,0.06712,8376519.0
1742148000000,1742148000000,0.06712,0.06725,0.06422,0.06501,3940208.0
1742169600000,1742169600000,0.06501,0.06698,0.06498,0.06613,2853709.0
1742191200000,1742191200000,0.06613,0.06855,0.06529,0.06805,4520847.0
1742212800000,1742212800000,0.06805,0.06977,0.06648,0.06974,16705935.0
1742234400000,1742234400000,0.06974,0.07063,0.06923,0.06947,15190320.0
1742256000000,1742256000000,0.06947,0.0695,0.06664,0.06735,3737847.0
1742277600000,1742277600000,0.06735,0.06792,0.0662,0.06665,4759071.0
1742299200000,1742299200000,0.06665,0.06688,0.06457,0.06496,4484742.0
1742320800000,1742320800000,0.06496,0.06633,0.06423,0.06559,14405845.0
1742342400000,1742342400000,0.06559,0.0672,0.06536,0.06681,7818703.0
1742364000000,1742364000000,0.06681,0.072,0.06681,0.06917,23229456.0
1742385600000,1742385600000,0.06917,0.07034,0.06821,0.06924,10169065.0
1742407200000,1742407200000,0.06924,0.0749,0.06848,0.07275,51715806.0
1742428800000,1742428800000,0.07275,0.07329,0.0706,0.07104,7057270.0
1742450400000,1742450400000,0.07104,0.07105,0.06888,0.06983,6407306.0
1742472000000,1742472000000,0.06983,0.07133,0.06818,0.06938,6893149.0
1742493600000,1742493600000,0.06938,0.06973,0.06853,0.06911,3282794.0
1742515200000,1742515200000,0.06911,0.07078,0.06886,0.0698,4508854.0
1742536800000,1742536800000,0.0698,0.07072,0.06786,0.06975,21027149.0
1742558400000,1742558400000,0.06975,0.07116,0.06754,0.07104,18835749.0
1742580000000,1742580000000,0.07104,0.07545,0.07049,0.07468,50154768.0
1742601600000,1742601600000,0.07468,0.07634,0.07213,0.07344,16872670.0
1742623200000,1742623200000,0.07344,0.07436,0.07273,0.07382,6671906.0
1742644800000,1742644800000,0.07382,0.07421,0.07261,0.07336,6069862.0
1742666400000,1742666400000,0.07336,0.07519,0.0732,0.07436,11204262.0
1742688000000,1742688000000,0.07436,0.07592,0.07326,0.07373,12423673.0
1742709600000,1742709600000,0.07373,0.07628,0.07319,0.07507,15903461.0
1742731200000,1742731200000,0.07507,0.07584,0.07242,0.0731,16364842.0
1742752800000,1742752800000,0.0731,0.07913,0.07279,0.07773,25669910.0
1742774400000,1742774400000,0.07773,0.07927,0.07554,0.07729,11173950.0
1742796000000,1742796000000,0.07729,0.07834,0.07649,0.07711,6338283.0
1742817600000,1742817600000,0.07711,0.07974,0.07562,0.07906,34896322.0
1742839200000,1742839200000,0.07906,0.07999,0.07822,0.07894,17689805.0
1742860800000,1742860800000,0.07894,0.07925,0.07699,0.07843,4814552.0
1742882400000,1742882400000,0.07843,0.07984,0.07741,0.07981,3477287.0
1742904000000,1742904000000,0.07981,0.08394,0.07808,0.0819,20655908.0
1742925600000,1742925600000,0.0819,0.08745,0.07961,0.08648,22176889.0
1742947200000,1742947200000,0.08648,0.0897,0.08577,0.08917,18892245.0
1742968800000,1742968800000,0.08917,0.09336,0.08839,0.08953,20608304.0
1742990400000,1742990400000,0.08953,0.09133,0.0857,0.08648,15752157.0
1743012000000,1743012000000,0.08648,0.08796,0.08427,0.08468,8989412.0
1743033600000,1743033600000,0.08468,0.08685,0.08468,0.08559,3236601.0
1743055200000,1743055200000,0.08559,0.08664,0.08161,0.08212,6062627.0
1743076800000,1743076800000,0.08212,0.08317,0.08001,0.08092,13539869.0
1743098400000,1743098400000,0.08092,0.08198,0.08031,0.08035,3981113.0
1743120000000,1743120000000,0.08035,0.08118,0.0748,0.07486,10460534.0
1743141600000,1743141600000,0.07486,0.07695,0.0742,0.07693,9286085.0
1743163200000,1743163200000,0.07693,0.07693,0.07306,0.0738,7298261.0
1743184800000,1743184800000,0.0738,0.07493,0.07214,0.07423,5224376.0
1743206400000,1743206400000,0.07423,0.07499,0.07143,0.07271,2826125.0
1743228000000,1743228000000,0.07271,0.07313,0.06902,0.06964,7030193.0
1743249600000,1743249600000,0.06964,0.07082,0.06736,0.06876,6303085.0
1743271200000,1743271200000,0.06876,0.06953,0.06776,0.06921,5387510.0
1743292800000,1743292800000,0.06921,0.07599,0.06813,0.07471,13477507.0
1743314400000,1743314400000,0.07471,0.07551,0.07303,0.07367,9222867.0
1743336000000,1743336000000,0.07367,0.07534,0.0707,0.07145,9002680.0
1743357600000,1743357600000,0.07145,0.07303,0.06992,0.07092,6577660.0
1743379200000,1743379200000,0.07092,0.07193,0.06897,0.06995,6242076.0
1743400800000,1743400800000,0.06995,0.07043,0.06821,0.06983,8559279.0
1743422400000,1743422400000,0.06983,0.07162,0.06832,0.0692,9645049.0
1743444000000,1743444000000,0.0692,0.07066,0.06811,0.06875,4390931.0
1743465600000,1743465600000,0.06875,0.07013,0.06749,0.06932,5729486.0
1743487200000,1743487200000,0.06932,0.07409,0.06918,0.07134,25208940.0
1743508800000,1743508800000,0.07134,0.07421,0.07037,0.0714,17179236.0
1743530400000,1743530400000,0.0714,0.07156,0.06861,0.06995,6431237.0
1743552000000,1743552000000,0.06995,0.07008,0.0664,0.06668,5350387.0
1743573600000,1743573600000,0.06668,0.06911,0.0663,0.06762,7012103.0
1743595200000,1743595200000,0.06762,0.07196,0.06679,0.06917,13744998.0
1743616800000,1743616800000,0.06917,0.07186,0.06449,0.06575,12733255.0
1743638400000,1743638400000,0.06575,0.06816,0.0654,0.06678,4608908.0
1743660000000,1743660000000,0.06678,0.06739,0.06282,0.06327,7586675.0
1743681600000,1743681600000,0.06327,0.06372,0.06124,0.06261,11491300.0
1743703200000,1743703200000,0.06261,0.06491,0.06227,0.0639,5038289.0
1743724800000,1743724800000,0.0639,0.06474,0.06286,0.06467,3207858.0
1743746400000,1743746400000,0.06467,0.06587,0.06171,0.06263,7367432.0
1743768000000,1743768000000,0.06263,0.06659,0.06223,0.06604,9271940.0
1743789600000,1743789600000,0.06604,0.0663,0.06438,0.06486,2765992.0
1743811200000,1743811200000,0.06486,0.06605,0.06449,0.06531,2308076.0
1743832800000,1743832800000,0.06531,0.06672,0.06506,0.0652,2630000.0
1743854400000,1743854400000,0.0652,0.06534,0.06327,0.06381,3875371.0
1743876000000,1743876000000,0.06381,0.06422,0.06295,0.0638,3759302.0
1743897600000,1743897600000,0.0638,0.06383,0.06185,0.06306,2056039.0
1743919200000,1743919200000,0.06306,0.06321,0.06154,0.06192,2191578.0
1743940800000,1743940800000,0.06192,0.06197,0.05703,0.05754,7752459.0
1743962400000,1743962400000,0.05754,0.05754,0.05345,0.05546,15164306.0
1743984000000,1743984000000,0.05546,0.05659,0.05205,0.05368,8511125.0
1744005600000,1744005600000,0.05368,0.05416,0.04927,0.05276,12478290.0
1744027200000,1744027200000,0.05276,0.05932,0.05268,0.05683,19635871.0
1744048800000,1744048800000,0.05683,0.05715,0.05547,0.05627,4960338.0
1744070400000,1744070400000,0.05627,0.05823,0.05596,0.05631,3226013.0
1744092000000,1744092000000,0.05631,0.057,0.05509,0.05619,4789435.0
1744113600000,1744113600000,0.05619,0.05757,0.05289,0.05421,13251028.0
1744135200000,1744135200000,0.05421,0.05574,0.05253,0.05288,7385833.0
1744156800000,1744156800000,0.05288,0.0534,0.05008,0.05326,17464517.0
1744178400000,1744178400000,0.05326,0.05449,0.05217,0.05257,8363336.0
1744200000000,1744200000000,0.05257,0.05889,0.0523,0.05884,12877328.0
1744221600000,1744221600000,0.05884,0.06116,0.05849,0.06036,28412694.0
1744243200000,1744243200000,0.06036,0.06077,0.05822,0.05915,4414125.0
1744264800000,1744264800000,0.05915,0.05948,0.05766,0.05809,4805669.0
1744286400000,1744286400000,0.05809,0.06,0.05633,0.05767,14682547.0
1744308000000,1744308000000,0.05767,0.05842,0.05738,0.05795,2169525.0
1744329600000,1744329600000,0.05795,0.05921,0.05767,0.05877,2145679.0
1744351200000,1744351200000,0.05877,0.06059,0.05861,0.05909,20465405.0
1744372800000,1744372800000,0.05909,0.06061,0.0588,0.06031,7841473.0
1744394400000,1744394400000,0.06031,0.06045,0.05928,0.05948,2279079.0
1744416000000,1744416000000,0.05948,0.05972,0.0586,0.0594,1958930.0
1744437600000,1744437600000,0.0594,0.06077,0.05932,0.06017,2403080.0
1744459200000,1744459200000,0.06017,0.06524,0.05973,0.06423,19634997.0
1744480800000,1744480800000,0.06423,0.067,0.06417,0.06541,35808435.0
1744502400000,1744502400000,0.06541,0.06556,0.06283,0.06329,7178493.0
1744524000000,1744524000000,0.06329,0.06478,0.0632,0.06365,3015412.0
1744545600000,1744545600000,0.06365,0.06421,0.06175,0.06403,5289835.0
1744567200000,1744567200000,0.06403,0.06423,0.05799,0.05898,15192365.0
1744588800000,1744588800000,0.05898,0.06087,0.05883,0.05991,4157058.0
1744610400000,1744610400000,0.05991,0.06143,0.05887,0.06131,7008914.0
1744632000000,1744632000000,0.06131,0.06228,0.05928,0.06061,10596893.0
1744653600000,1744653600000,0.06061,0.0645,0.0605,0.06267,45297085.0
1744675200000,1744675200000,0.06267,0.06484,0.06161,0.06397,7422839.0
1744696800000,1744696800000,0.06397,0.06963,0.06397,0.06624,51202380.0
1744718400000,1744718400000,0.06624,0.06895,0.06491,0.06781,70103988.0
1744740000000,1744740000000,0.06781,0.06883,0.06548,0.0663,23245481.0
1744761600000,1744761600000,0.0663,0.06845,0.06574,0.06654,11387564.0
1744783200000,1744783200000,0.06654,0.06733,0.0636,0.06515,10952153.0
1744804800000,1744804800000,0.06515,0.06635,0.06275,0.06285,19428724.0
1744826400000,1744826400000,0.06285,0.06693,0.06259,0.06273,30030626.0
1744848000000,1744848000000,0.06273,0.0643,0.06157,0.06391,7324523.0
1744869600000,1744869600000,0.06391,0.06469,0.06299,0.06341,5307992.0
1744891200000,1744891200000,0.06341,0.066,0.06192,0.06551,22757987.0
1744912800000,1744912800000,0.06551,0.06641,0.06341,0.06376,14391531.0
1744934400000,1744934400000,0.06376,0.06408,0.06282,0.06382,2854665.0
1744956000000,1744956000000,0.06382,0.0656,0.0636,0.06506,4632140.0
1744977600000,1744977600000,0.06506,0.06579,0.06422,0.06513,5206328.0
1744999200000,1744999200000,0.06513,0.06599,0.06419,0.06515,15223682.0
1745020800000,1745020800000,0.06515,0.06753,0.06489,0.06604,3856233.0
1745042400000,1745042400000,0.06604,0.0665,0.06534,0.06545,2704888.0
1745064000000,1745064000000,0.06545,0.06633,0.06511,0.06612,3013762.0
1745085600000,1745085600000,0.06612,0.06655,0.0657,0.06595,2645733.0
1745107200000,1745107200000,0.06595,0.06909,0.06555,0.06874,9955536.0
1745128800000,1745128800000,0.06874,0.07453,0.06865,0.07203,51659295.0
1745150400000,1745150400000,0.07203,0.07369,0.06998,0.07054,16258868.0
1745172000000,1745172000000,0.07054,0.07286,0.0698,0.07145,24447373.0
1745193600000,1745193600000,0.07145,0.07313,0.07115,0.07224,4391584.0
1745215200000,1745215200000,0.07224,0.07282,0.0699,0.07036,9617233.0
1745236800000,1745236800000,0.07036,0.07138,0.0674,0.06825,10025486.0
1745258400000,1745258400000,0.06825,0.06853,0.06667,0.06733,4116684.0
1745280000000,1745280000000,0.06733,0.06895,0.06602,0.06732,5837907.0
1745301600000,1745301600000,0.06732,0.06994,0.06637,0.06971,7491238.0
1745323200000,1745323200000,0.06971,0.07271,0.06934,0.07196,8585381.0
1745344800000,1745344800000,0.07196,0.0737,0.0707,0.07251,7001603.0
1745366400000,1745366400000,0.07251,0.07416,0.07142,0.07225,7867229.0
1745388000000,1745388000000,0.07225,0.07677,0.07224,0.0742,33285582.0
1745409600000,1745409600000,0.0742,0.07513,0.07213,0.07492,27841193.0
1745431200000,1745431200000,0.07492,0.0765,0.07419,0.07646,25039451.0
1745452800000,1745452800000,0.07646,0.07648,0.07241,0.07432,5996527.0
1745474400000,1745474400000,0.07432,0.07561,0.07212,0.07508,6274342.0
1745496000000,1745496000000,0.07508,0.07644,0.0741,0.07488,6978893.0
1745517600000,1745517600000,0.07488,0.07625,0.07422,0.07605,3887281.0
1745539200000,1745539200000,0.07605,0.07697,0.07367,0.0769,12540864.0
1745560800000,1745560800000,0.0769,0.07953,0.0766,0.07718,15464557.0
1745582400000,1745582400000,0.07718,0.0785,0.07502,0.07524,7564031.0
1745604000000,1745604000000,0.07524,0.07875,0.07495,0.07764,18729653.0
1745625600000,1745625600000,0.07764,0.0829,0.07761,0.0807,6517818.0
1745647200000,1745647200000,0.0807,0.08219,0.07845,0.08113,13605443.0
1745668800000,1745668800000,0.08113,0.0833,0.07647,0.08106,29469828.0
1745690400000,1745690400000,0.08106,0.08186,0.07929,0.08055,8914209.0
1745712000000,1745712000000,0.08055,0.08156,0.07829,0.08015,3796097.0
1745733600000,1745733600000,0.08015,0.08175,0.07916,0.07936,3786332.0
1745755200000,1745755200000,0.07936,0.07956,0.07672,0.07833,3686269.0
1745776800000,1745776800000,0.07833,0.08051,0.07706,0.07729,16243491.0
1745798400000,1745798400000,0.07729,0.07822,0.07354,0.0778,6142095.0
1745820000000,1745820000000,0.0778,0.08045,0.07726,0.07892,5181639.0
1745841600000,1745841600000,0.07892,0.07966,0.07519,0.07732,4454047.0
1745863200000,1745863200000,0.07732,0.07786,0.076,0.07659,3239179.0
1745884800000,1745884800000,0.07659,0.07865,0.07646,0.07659,3457841.0
1745906400000,1745906400000,0.07659,0.07945,0.07546,0.07684,16094486.0
1745928000000,1745928000000,0.07684,0.07684,0.07399,0.0749,7310999.0
1745949600000,1745949600000,0.0749,0.07537,0.07157,0.0727,4550775.0
1745971200000,1745971200000,0.0727,0.07469,0.07234,0.07389,2144172.0
1745992800000,1745992800000,0.07389,0.0752,0.07268,0.07458,4148306.0
1746014400000,1746014400000,0.07458,0.08273,0.07,0.08262,66111331.0
1746036000000,1746036000000,0.08262,0.08691,0.07947,0.08161,23436600.0
1746057600000,1746057600000,0.08161,0.0825,0.07869,0.07979,7079425.0
1746079200000,1746079200000,0.07979,0.08447,0.07885,0.08373,25738183.0
1746100800000,1746100800000,0.08373,0.08575,0.08243,0.08395,21754053.0
1746122400000,1746122400000,0.08395,0.0854,0.08299,0.08425,8767659.0
1746144000000,1746144000000,0.08425,0.08502,0.08209,0.08338,4558401.0
1746165600000,1746165600000,0.08338,0.08494,0.08317,0.0839,4434955.0
1746187200000,1746187200000,0.0839,0.08432,0.08191,0.0825,9695748.0
1746208800000,1746208800000,0.0825,0.08275,0.08023,0.08052,3358969.0
1746230400000,1746230400000,0.08052,0.08121,0.07941,0.08038,1775773.0
1746252000000,1746252000000,0.08038,0.08077,0.07684,0.07685,5429878.0
1746273600000,1746273600000,0.07685,0.07839,0.07398,0.07514,3912955.0
1746295200000,1746295200000,0.07514,0.07555,0.07416,0.07441,3064126.0
1746316800000,1746316800000,0.07441,0.07601,0.07339,0.07495,2978413.0
1746338400000,1746338400000,0.07495,0.07516,0.07311,0.07385,2891470.0
1746360000000,1746360000000,0.07385,0.07414,0.07214,0.07265,2246877.0
1746381600000,1746381600000,0.07265,0.07447,0.07228,0.07311,2309325.0
1746403200000,1746403200000,0.07311,0.07426,0.07158,0.07403,4882603.0
1746424800000,1746424800000,0.07403,0.07867,0.07268,0.07526,49151557.0
1746446400000,1746446400000,0.07526,0.07638,0.07344,0.07628,12170617.0
1746468000000,1746468000000,0.07628,0.07784,0.07431,0.07497,6077940.0
1746489600000,1746489600000,0.07497,0.07588,0.07389,0.07447,2251610.0
1746511200000,1746511200000,0.07447,0.07469,0.07148,0.07207,5240365.0
1746532800000,1746532800000,0.07207,0.07362,0.07085,0.07215,4106899.0
1746554400000,1746554400000,0.07215,0.07332,0.06797,0.07208,5846385.0
1746576000000,1746576000000,0.07208,0.07386,0.07205,0.07263,2952895.0
1746597600000,1746597600000,0.07263,0.07436,0.07213,0.07417,2643187.0
1746619200000,1746619200000,0.07417,0.07456,0.07035,0.07121,12081286.0
1746640800000,1746640800000,0.07121,0.07227,0.06971,0.07196,8142265.0
1746662400000,1746662400000,0.07196,0.07594,0.07187,0.07431,4781129.0
1746684000000,1746684000000,0.07431,0.07538,0.07358,0.07423,4289153.0
1746705600000,1746705600000,0.07423,0.07914,0.07326,0.07913,17000687.0
1746727200000,1746727200000,0.07913,0.08117,0.07748,0.08116,14106172.0
1746748800000,1746748800000,0.08116,0.08321,0.08064,0.08263,8242383.0
1746770400000,1746770400000,0.08263,0.08503,0.08076,0.0835,7977560.0
1746792000000,1746792000000,0.0835,0.08497,0.08147,0.08333,6456459.0
1746813600000,1746813600000,0.08333,0.0849,0.08175,0.08486,11661796.0
1746835200000,1746835200000,0.08486,0.08671,0.08401,0.08571,8057156.0
1746856800000,1746856800000,0.08571,0.08745,0.08316,0.08396,6234862.0
1746878400000,1746878400000,0.08396,0.08673,0.08366,0.08556,3832331.0
1746900000000,1746900000000,0.08556,0.09039,0.0848,0.08936,21621836.0
1746921600000,1746921600000,0.08936,0.08974,0.08634,0.0869,6118517.0
1746943200000,1746943200000,0.0869,0.08714,0.08349,0.08636,4658601.0
1746964800000,1746964800000,0.08636,0.08659,0.08305,0.0851,5925206.0
1746986400000,1746986400000,0.0851,0.08628,0.08458,0.08541,2563104.0
1747008000000,1747008000000,0.08541,0.08744,0.08351,0.0856,4492509.0
1747029600000,1747029600000,0.0856,0.0906,0.08538,0.08727,8896447.0
1747051200000,1747051200000,0.08727,0.08831,0.08313,0.08353,8660451.0
1747072800000,1747072800000,0.08353,0.08404,0.07865,0.08298,7602443.0
1747094400000,1747094400000,0.08298,0.0832,0.07695,0.07992,8414969.0
1747116000000,1747116000000,0.07992,0.08239,0.07963,0.08128,4619132.0
1747137600000,1747137600000,0.08128,0.08424,0.08081,0.08334,5491454.0
1747159200000,1747159200000,0.08334,0.08757,0.08303,0.08649,15649973.0
1747180800000,1747180800000,0.08649,0.08989,0.08427,0.08906,5090042.0
1747202400000,1747202400000,0.08906,0.08914,0.08423,0.08711,6138596.0
1747224000000,1747224000000,0.08711,0.08759,0.08,0.08137,13047123.0
1747245600000,1747245600000,0.08137,0.08208,0.08003,0.08068,3210614.0
1747267200000,1747267200000,0.08068,0.08156,0.07764,0.07793,5543613.0
1747288800000,1747288800000,0.07793,0.07877,0.07488,0.07662,9803418.0
1747310400000,1747310400000,0.07662,0.07908,0.07374,0.07851,9920946.0
1747332000000,1747332000000,0.07851,0.07897,0.07492,0.07653,5719973.0
1747353600000,1747353600000,0.07653,0.07772,0.07485,0.07705,4168894.0
1747375200000,1747375200000,0.07705,0.07796,0.07531,0.07679,5419360.0
1747396800000,1747396800000,0.07679,0.07715,0.07381,0.07416,4759776.0
1747418400000,1747418400000,0.07416,0.0748,0.07218,0.07255,4905981.0
1747440000000,1747440000000,0.07255,0.07271,0.06945,0.07087,6608627.0
1747461600000,1747461600000,0.07087,0.07157,0.06991,0.0708,4041049.0
1747483200000,1747483200000,0.0708,0.07167,0.06972,0.07057,3059878.0
1747504800000,1747504800000,0.07057,0.0717,0.06982,0.07066,3237149.0
1747526400000,1747526400000,0.07066,0.07288,0.07032,0.07272,2699825.0
1747548000000,1747548000000,0.07272,0.07403,0.07193,0.0729,2602505.0
1747569600000,1747569600000,0.0729,0.07681,0.07233,0.07427,3693269.0
1747591200000,1747591200000,0.07427,0.07495,0.0706,0.0746,4788070.0
1747612800000,1747612800000,0.0746,0.07541,0.06855,0.06947,5527145.0
1747634400000,1747634400000,0.06947,0.0697,0.06673,0.06879,6919690.0
1747656000000,1747656000000,0.06879,0.07267,0.06766,0.07179,4745790.0
1747677600000,1747677600000,0.07179,0.07199,0.06965,0.07087,4230258.0
1747699200000,1747699200000,0.07087,0.07334,0.06948,0.07181,5113102.0
1747720800000,1747720800000,0.07181,0.07218,0.06937,0.06999,3772486.0
1747742400000,1747742400000,0.06999,0.07055,0.06864,0.07019,3271550.0
1747764000000,1747764000000,0.07019,0.07209,0.06842,0.07171,4447665.0
1747785600000,1747785600000,0.07171,0.07266,0.07003,0.07241,3743837.0
1747807200000,1747807200000,0.07241,0.07285,0.07005,0.07124,2671045.0
1747828800000,1747828800000,0.07124,0.07399,0.06945,0.06999,6278268.0
1747850400000,1747850400000,0.06999,0.07311,0.06965,0.07194,3127597.0
1747872000000,1747872000000,0.07194,0.07513,0.07185,0.07402,2892600.0
1747893600000,1747893600000,0.07402,0.076,0.07343,0.07548,4513174.0
1747915200000,1747915200000,0.07548,0.07648,0.07415,0.076,5017808.0
1747936800000,1747936800000,0.076,0.07656,0.07464,0.07593,2011940.0
1747958400000,1747958400000,0.07593,0.07748,0.07515,0.0764,3785017.0
1747980000000,1747980000000,0.0764,0.07689,0.07107,0.07166,4937675.0
1748001600000,1748001600000,0.07166,0.07258,0.06874,0.07095,7875002.0
1748023200000,1748023200000,0.07095,0.07142,0.06733,0.06782,4303841.0
1748044800000,1748044800000,0.06782,0.06983,0.06741,0.06976,3269388.0
1748066400000,1748066400000,0.06976,0.07115,0.06922,0.07049,3429698.0
1748088000000,1748088000000,0.07049,0.07225,0.06987,0.07141,3886669.0
1748109600000,1748109600000,0.07141,0.07171,0.06923,0.06977,2572145.0
1748131200000,1748131200000,0.06977,0.07018,0.06797,0.07005,4267773.0
1748152800000,1748152800000,0.07005,0.07011,0.06702,0.06798,4746105.0
1748174400000,1748174400000,0.06798,0.06888,0.06631,0.06806,5332291.0
1748196000000,1748196000000,0.06806,0.07107,0.06778,0.07074,3872412.0
1748217600000,1748217600000,0.07074,0.07135,0.06979,0.07059,1656028.0
1748239200000,1748239200000,0.07059,0.07152,0.07004,0.07048,3210263.0
1748260800000,1748260800000,0.07048,0.0708,0.06791,0.06846,12587416.0
1748282400000,1748282400000,0.06846,0.06936,0.06796,0.06854,2649248.0
1748304000000,1748304000000,0.06854,0.06959,0.06639,0.06953,5739685.0
1748325600000,1748325600000,0.06953,0.07117,0.06952,0.07067,4727442.0
1748347200000,1748347200000,0.07067,0.07239,0.06937,0.07195,9614527.0
1748368800000,1748368800000,0.07195,0.07233,0.07019,0.07059,10410227.0
1748390400000,1748390400000,0.07059,0.07136,0.06994,0.07069,2903738.0
1748412000000,1748412000000,0.07069,0.07069,0.0683,0.07013,6689460.0
1748433600000,1748433600000,0.07013,0.07112,0.0681,0.06892,5276850.0
1748455200000,1748455200000,0.06892,0.07001,0.06746,0.06984,2985691.0
1748476800000,1748476800000,0.06984,0.07178,0.06927,0.07034,5174927.0
1748498400000,1748498400000,0.07034,0.07127,0.06998,0.07033,3330974.0
1748520000000,1748520000000,0.07033,0.07037,0.0675,0.06788,7120788.0
1748541600000,1748541600000,0.06788,0.06851,0.06612,0.06641,4177962.0
1748563200000,1748563200000,0.06641,0.06676,0.06005,0.06396,13217119.0
1748584800000,1748584800000,0.06396,0.06398,0.06156,0.06309,4761453.0
1748606400000,1748606400000,0.06309,0.06381,0.05892,0.0603,9318472.0
1748628000000,1748628000000,0.0603,0.06153,0.05619,0.05729,6607180.0
1748649600000,1748649600000,0.05729,0.05754,0.05489,0.05684,7060594.0
1748671200000,1748671200000,0.05684,0.05784,0.05598,0.05617,2074975.0
1748692800000,1748692800000,0.05617,0.05913,0.0561,0.05826,3353892.0
1748714400000,1748714400000,0.05826,0.06113,0.05826,0.05987,3107750.0
1748736000000,1748736000000,0.05987,0.05997,0.05835,0.05927,3584014.0
1748757600000,1748757600000,0.05927,0.05934,0.05786,0.05846,1152491.0
1748779200000,1748779200000,0.05846,0.06032,0.05786,0.05954,1497403.0
1748800800000,1748800800000,0.05954,0.06033,0.05823,0.05998,1596614.0
1748822400000,1748822400000,0.05998,0.06018,0.05745,0.0579,1848312.0
1748844000000,1748844000000,0.0579,0.05876,0.05689,0.05758,2989803.0
1748865600000,1748865600000,0.05758,0.05918,0.05719,0.05868,2726627.0
1748887200000,1748887200000,0.05868,0.06032,0.05774,0.06001,1807037.0
1748908800000,1748908800000,0.06001,0.06119,0.05907,0.05993,3026356.0
1748930400000,1748930400000,0.05993,0.06024,0.0588,0.05984,2992287.0
1748952000000,1748952000000,0.05984,0.06122,0.05957,0.06083,4488053.0
1748973600000,1748973600000,0.06083,0.06114,0.05914,0.05952,2272572.0
1748995200000,1748995200000,0.05952,0.06051,0.05932,0.06002,843782.0
1749016800000,1749016800000,0.06002,0.06021,0.05884,0.05893,3027839.0
1749038400000,1749038400000,0.05893,0.05973,0.05807,0.05868,2011938.0
1749060000000,1749060000000,0.05868,0.05898,0.05767,0.05828,2556272.0
1749081600000,1749081600000,0.05828,0.05899,0.05793,0.05823,1633803.0
1749103200000,1749103200000,0.05823,0.0596,0.05775,0.0583,2334177.0
1749124800000,1749124800000,0.0583,0.05943,0.05653,0.05698,3674989.0
1749146400000,1749146400000,0.05698,0.05714,0.05305,0.05457,8408432.0
1749168000000,1749168000000,0.05457,0.05675,0.05422,0.05579,3480168.0
1749189600000,1749189600000,0.05579,0.05691,0.0556,0.05662,1644710.0
1749211200000,1749211200000,0.05662,0.05864,0.05651,0.05703,3788461.0
1749232800000,1749232800000,0.05703,0.05705,0.05574,0.05603,1967904.0
1749254400000,1749254400000,0.05603,0.05768,0.05575,0.05758,1558373.0
1749276000000,1749276000000,0.05758,0.05809,0.05725,0.05788,1688542.0
1749297600000,1749297600000,0.05788,0.05865,0.05752,0.05759,1869435.0
1749319200000,1749319200000,0.05759,0.05879,0.05759,0.05819,1728827.0
1749340800000,1749340800000,0.05819,0.0588,0.05785,0.05787,1863385.0
1749362400000,1749362400000,0.05787,0.0582,0.05711,0.05802,12745593.0
1749384000000,1749384000000,0.05802,0.05846,0.05737,0.05771,3252802.0
1749405600000,1749405600000,0.05771,0.05876,0.05764,0.05778,3169608.0
1749427200000,1749427200000,0.05778,0.05805,0.05692,0.05693,4252660.0
1749448800000,1749448800000,0.05693,0.05891,0.05689,0.05858,3598607.0
1749470400000,1749470400000,0.05858,0.05951,0.05768,0.05935,4284819.0
1749492000000,1749492000000,0.05935,0.06073,0.05902,0.06037,5297227.0
1749513600000,1749513600000,0.06037,0.06097,0.05914,0.05935,2871140.0
1749535200000,1749535200000,0.05935,0.06136,0.05896,0.06124,4097463.0
1749556800000,1749556800000,0.06124,0.06214,0.0602,0.06069,5027477.0
1749578400000,1749578400000,0.06069,0.06218,0.06059,0.06216,3366566.0
1749600000000,1749600000000,0.06216,0.06222,0.06031,0.06077,2222891.0
1749621600000,1749621600000,0.06077,0.06091,0.05902,0.05964,2036505.0
1749643200000,1749643200000,0.05964,0.06197,0.05948,0.06055,2898085.0
1749664800000,1749664800000,0.06055,0.06064,0.05685,0.05751,4847080.0
1749686400000,1749686400000,0.05751,0.05751,0.05629,0.05687,3495763.0
1749708000000,1749708000000,0.05687,0.05709,0.05538,0.05571,3033503.0
1749729600000,1749729600000,0.05571,0.05784,0.05555,0.05713,3465706.0
1749751200000,1749751200000,0.05713,0.05715,0.05409,0.05412,2750762.0
1749772800000,1749772800000,0.05412,0.05412,0.04923,0.05031,8811415.0
1749794400000,1749794400000,0.05031,0.05108,0.04947,0.05077,5241654.0
1749816000000,1749816000000,0.05077,0.0522,0.04979,0.05213,5598397.0
1749837600000,1749837600000,0.05213,0.05267,0.05086,0.05265,2060510.0
1749859200000,1749859200000,0.05265,0.05265,0.0517,0.05244,2479930.0
1749880800000,1749880800000,0.05244,0.05249,0.0515,0.05192,1509338.0
1749902400000,1749902400000,0.05192,0.05221,0.04997,0.05056,10360256.0
1749924000000,1749924000000,0.05056,0.05125,0.04965,0.05082,4829293.0
1749945600000,1749945600000,0.05082,0.05203,0.05082,0.05185,3097896.0
1749967200000,1749967200000,0.05185,0.05199,0.05098,0.05175,2881242.0
1749988800000,1749988800000,0.05175,0.05401,0.05175,0.05243,7893528.0
1750010400000,1750010400000,0.05243,0.05248,0.05092,0.05225,3175200.0
1750032000000,1750032000000,0.05225,0.05355,0.05153,0.05336,3042332.0
1750053600000,1750053600000,0.05336,0.05416,0.0533,0.05405,2232747.0
1750075200000,1750075200000,0.05405,0.05471,0.05345,0.05407,1923037.0
1750096800000,1750096800000,0.05407,0.05447,0.05144,0.05158,4380391.0
1750118400000,1750118400000,0.05158,0.05215,0.05024,0.05133,2587622.0
1750140000000,1750140000000,0.05133,0.0514,0.05006,0.05024,1566873.0
1750161600000,1750161600000,0.05024,0.05082,0.0483,0.04893,5757191.0
1750183200000,1750183200000,0.04893,0.05104,0.04869,0.04952,3576646.0
1750204800000,1750204800000,0.04952,0.0506,0.04932,0.05032,1253061.0
1750226400000,1750226400000,0.05032,0.05059,0.04823,0.049,2226657.0
1750248000000,1750248000000,0.049,0.04992,0.04809,0.04972,4503494.0
1750269600000,1750269600000,0.04972,0.05146,0.04914,0.05117,3336166.0
1750291200000,1750291200000,0.05117,0.05213,0.05084,0.05138,1373892.0
1750312800000,1750312800000,0.05138,0.0519,0.05112,0.05127,1298877.0
1750334400000,1750334400000,0.05127,0.05153,0.04983,0.05042,1574620.0
1750356000000,1750356000000,0.05042,0.05085,0.05012,0.05071,1000086.0
1750377600000,1750377600000,0.05071,0.05093,0.04985,0.05048,648603.0
1750399200000,1750399200000,0.05048,0.05174,0.05042,0.05162,962626.0
1750420800000,1750420800000,0.05162,0.05192,0.04866,0.04988,2914583.0
1750442400000,1750442400000,0.04988,0.05102,0.04952,0.05008,2364454.0
1750464000000,1750464000000,0.05008,0.05085,0.05,0.0506,931682.0
1750485600000,1750485600000,0.0506,0.05087,0.04984,0.04991,1522188.0
1750507200000,1750507200000,0.04991,0.05011,0.04742,0.04776,3740688.0
1750528800000,1750528800000,0.04776,0.04795,0.04464,0.04633,7100126.0
1750550400000,1750550400000,0.04633,0.04701,0.04503,0.04615,5096499.0
1750572000000,1750572000000,0.04615,0.0463,0.04484,0.04515,1668718.0
1750593600000,1750593600000,0.04515,0.04592,0.04283,0.04399,10307345.0
1750615200000,1750615200000,0.04399,0.0448,0.0418,0.04469,4936575.0
1750636800000,1750636800000,0.04469,0.04554,0.0446,0.04547,1277508.0
1750658400000,1750658400000,0.04547,0.04612,0.04515,0.04559,1080271.0
1750680000000,1750680000000,0.04559,0.04718,0.04477,0.0467,4405515.0
1750701600000,1750701600000,0.0467,0.05061,0.04667,0.0504,7096965.0
1750723200000,1750723200000,0.0504,0.05179,0.0504,0.05178,2140690.0
1750744800000,1750744800000,0.05178,0.05273,0.05106,0.0512,7882702.0
1750766400000,1750766400000,0.0512,0.05211,0.05071,0.05097,2586169.0
1750788000000,1750788000000,0.05097,0.05101,0.04979,0.05077,1885549.0
1750809600000,1750809600000,0.05077,0.05096,0.04961,0.04979,1171591.0
1750831200000,1750831200000,0.04979,0.05041,0.04913,0.04999,2350746.0
1750852800000,1750852800000,0.04999,0.05138,0.04927,0.04995,4302490.0
1750874400000,1750874400000,0.04995,0.05068,0.04953,0.04988,1204085.0
1750896000000,1750896000000,0.04988,0.05137,0.04962,0.05002,2014526.0
1750917600000,1750917600000,0.05002,0.0514,0.04998,0.05056,2595665.0
1750939200000,1750939200000,0.05056,0.05057,0.04888,0.049,5478497.0
1750960800000,1750960800000,0.049,0.05011,0.0486,0.04881,2200408.0
1750982400000,1750982400000,0.04881,0.04952,0.0481,0.04876,1494273.0
1751004000000,1751004000000,0.04876,0.04922,0.04824,0.04865,1741121.0
1751025600000,1751025600000,0.04865,0.05007,0.0483,0.04889,2575985.0
1751047200000,1751047200000,0.04889,0.04982,0.04811,0.04976,2189377.0
1751068800000,1751068800000,0.04976,0.04996,0.04912,0.04919,779352.0
1751090400000,1751090400000,0.04919,0.05007,0.04909,0.05004,1894376.0
1751112000000,1751112000000,0.05004,0.05064,0.04952,0.05047,1122845.0
1751133600000,1751133600000,0.05047,0.05102,0.05029,0.05069,1495251.0
1751155200000,1751155200000,0.05069,0.05083,0.04975,0.0502,786124.0
1751176800000,1751176800000,0.0502,0.0513,0.04997,0.05096,1058698.0
1751198400000,1751198400000,0.05096,0.05343,0.0502,0.05234,12228298.0
1751220000000,1751220000000,0.05234,0.05486,0.05176,0.0544,6377110.0
1751241600000,1751241600000,0.0544,0.05452,0.05278,0.05332,2030009.0
1751263200000,1751263200000,0.05332,0.05399,0.0525,0.05257,4286409.0
1751284800000,1751284800000,0.05257,0.05276,0.05119,0.0519,4273946.0
1751306400000,1751306400000,0.0519,0.05262,0.05134,0.0518,1743769.0
1751328000000,1751328000000,0.0518,0.05185,0.04951,0.0499,3302156.0
1751349600000,1751349600000,0.0499,0.05054,0.04921,0.04977,4969689.0
1751371200000,1751371200000,0.04977,0.05034,0.04927,0.04949,2778549.0
1751392800000,1751392800000,0.04949,0.04974,0.04896,0.04948,2137278.0
1751414400000,1751414400000,0.04948,0.05048,0.04897,0.05035,2181477.0
1751436000000,1751436000000,0.05035,0.05117,0.05021,0.05065,1249549.0
1751457600000,1751457600000,0.05065,0.05367,0.05024,0.05299,6204479.0
1751479200000,1751479200000,0.05299,0.05338,0.05227,0.05239,2867401.0
1751500800000,1751500800000,0.05239,0.05329,0.05225,0.05314,2654453.0
1751522400000,1751522400000,0.05314,0.0535,0.05221,0.05227,2661724.0
1751544000000,1751544000000,0.05227,0.05325,0.05157,0.05212,3349140.0
1751565600000,1751565600000,0.05212,0.05257,0.05183,0.05208,2031459.0
1751587200000,1751587200000,0.05208,0.05264,0.051,0.05129,1814216.0
1751608800000,1751608800000,0.05129,0.05132,0.0494,0.04988,3214355.0
1751630400000,1751630400000,0.04988,0.04988,0.04848,0.04912,4246079.0
1751652000000,1751652000000,0.04912,0.04966,0.04887,0.04944,1850744.0
1751673600000,1751673600000,0.04944,0.04977,0.04907,0.04943,1080376.0
1751695200000,1751695200000,0.04943,0.04995,0.04912,0.04912,1591718.0
1751716800000,1751716800000,0.04912,0.0494,0.04843,0.04879,2238800.0
1751738400000,1751738400000,0.04879,0.04955,0.04833,0.04936,1901300.0
1751760000000,1751760000000,0.04936,0.04945,0.04877,0.04901,581626.0
1751781600000,1751781600000,0.04901,0.04946,0.04893,0.04936,758498.0
1751803200000,1751803200000,0.04936,0.05024,0.04914,0.04999,1668371.0
1751824800000,1751824800000,0.04999,0.0509,0.04947,0.05018,2458845.0
1751846400000,1751846400000,0.05018,0.05082,0.04981,0.05002,1293421.0
1751868000000,1751868000000,0.05002,0.05066,0.04977,0.04999,1198578.0
1751889600000,1751889600000,0.04999,0.05036,0.04849,0.04911,4840168.0
1751911200000,1751911200000,0.04911,0.04934,0.04819,0.04908,2448951.0
1751932800000,1751932800000,0.04908,0.04926,0.04828,0.04873,1937063.0
1751954400000,1751954400000,0.04873,0.0495,0.04811,0.04941,2981981.0
1751976000000,1751976000000,0.04941,0.04962,0.04832,0.04952,13275858.0
1751997600000,1751997600000,0.04952,0.05052,0.04951,0.05042,7339659.0
1752019200000,1752019200000,0.05042,0.05183,0.05035,0.05159,4836356.0
1752040800000,1752040800000,0.05159,0.05282,0.05152,0.05245,7282519.0
1752062400000,1752062400000,0.05245,0.05271,0.05113,0.05145,6078771.0
1752084000000,1752084000000,0.05145,0.05382,0.05139,0.05337,3982765.0
1752105600000,1752105600000,0.05337,0.05384,0.05307,0.0533,1596187.0
1752127200000,1752127200000,0.0533,0.0538,0.05286,0.05326,4942283.0
1752148800000,1752148800000,0.05326,0.05491,0.05307,0.05476,4220458.0
1752170400000,1752170400000,0.05476,0.05732,0.05426,0.0568,7220694.0
1752192000000,1752192000000,0.0568,0.05958,0.05548,0.05908,4982141.0
1752213600000,1752213600000,0.05908,0.06004,0.05732,0.05807,6693636.0
1752235200000,1752235200000,0.05807,0.0597,0.05745,0.05867,4642108.0
1752256800000,1752256800000,0.05867,0.0598,0.05543,0.05633,11230662.0
1752278400000,1752278400000,0.05633,0.05745,0.05517,0.05663,3106548.0
1752300000000,1752300000000,0.05663,0.05764,0.05621,0.05751,2558245.0
1752321600000,1752321600000,0.05751,0.0578,0.0539,0.0555,4343818.0
1752343200000,1752343200000,0.0555,0.0555,0.05396,0.05406,1964602.0
1752364800000,1752364800000,0.05406,0.05521,0.05366,0.05456,3214038.0
1752386400000,1752386400000,0.05456,0.05595,0.05456,0.05595,3096324.0
1752408000000,1752408000000,0.05595,0.05845,0.05576,0.05712,5027760.0
1752429600000,1752429600000,0.05712,0.05814,0.05601,0.05635,3162270.0
1752451200000,1752451200000,0.05635,0.05936,0.05629,0.05798,4205655.0
1752472800000,1752472800000,0.05798,0.05898,0.05741,0.05805,5057973.0
1752494400000,1752494400000,0.05805,0.05855,0.05587,0.05623,6754310.0
1752516000000,1752516000000,0.05623,0.05623,0.05468,0.05553,1621785.0
1752537600000,1752537600000,0.05553,0.05603,0.05309,0.05449,2422004.0
1752559200000,1752559200000,0.05449,0.05476,0.05313,0.05401,3963357.0
1752580800000,1752580800000,0.05401,0.05552,0.05333,0.05552,6523312.0
1752602400000,1752602400000,0.05552,0.05668,0.05429,0.05649,3185892.0
1752624000000,1752624000000,0.05649,0.05719,0.05543,0.05651,2549901.0
1752645600000,1752645600000,0.05651,0.05801,0.05612,0.05755,3509131.0
1752667200000,1752667200000,0.05755,0.05859,0.05667,0.05849,5451039.0
1752688800000,1752688800000,0.05849,0.05973,0.05754,0.05799,2824082.0
1752710400000,1752710400000,0.05799,0.05867,0.05647,0.0584,2912878.0
1752732000000,1752732000000,0.0584,0.05994,0.05788,0.05818,4748478.0
1752753600000,1752753600000,0.05818,0.05912,0.05687,0.05849,5705320.0
1752775200000,1752775200000,0.05849,0.05963,0.05677,0.05885,4973836.0
1752796800000,1752796800000,0.05885,0.06257,0.05854,0.06257,3955140.0
1752818400000,1752818400000,0.06257,0.0634,0.06,0.06093,11241194.0
1752840000000,1752840000000,0.06093,0.06251,0.05917,0.06058,10658728.0
1752861600000,1752861600000,0.06058,0.06086,0.05844,0.0608,5116477.0
1752883200000,1752883200000,0.0608,0.06218,0.05895,0.06096,3335796.0
1752904800000,1752904800000,0.06096,0.0612,0.05955,0.05996,6778410.0
1752926400000,1752926400000,0.05996,0.06079,0.05916,0.06018,4823493.0
1752948000000,1752948000000,0.06018,0.06356,0.06016,0.06252,16254221.0
1752969600000,1752969600000,0.06252,0.06366,0.06207,0.06354,4505876.0
1752991200000,1752991200000,0.06354,0.06859,0.06323,0.06654,22676423.0
1753012800000,1753012800000,0.06654,0.06897,0.06511,0.06747,22458547.0
1753034400000,1753034400000,0.06747,0.06791,0.06389,0.06549,9442970.0
1753056000000,1753056000000,0.06549,0.06777,0.06448,0.06725,4149724.0
1753077600000,1753077600000,0.06725,0.06898,0.06679,0.06811,5715998.0
1753099200000,1753099200000,0.06811,0.06899,0.06567,0.06742,10284238.0
1753120800000,1753120800000,0.06742,0.06857,0.06637,0.06717,5930070.0
1753142400000,1753142400000,0.06717,0.06777,0.06331,0.06448,9578618.0
1753164000000,1753164000000,0.06448,0.06537,0.06207,0.06482,13553207.0
1753185600000,1753185600000,0.06482,0.06573,0.0632,0.06445,6637499.0
1753207200000,1753207200000,0.06445,0.06641,0.06372,0.06623,8090600.0
1753228800000,1753228800000,0.06623,0.06812,0.06534,0.06749,8212341.0
1753250400000,1753250400000,0.06749,0.06845,0.06487,0.06716,10085117.0
1753272000000,1753272000000,0.06716,0.06716,0.06019,0.06126,26232121.0
1753293600000,1753293600000,0.06126,0.06221,0.0585,0.0609,10870022.0
1753315200000,1753315200000,0.0609,0.06228,0.05705,0.05741,7564624.0
1753336800000,1753336800000,0.05741,0.05929,0.0554,0.05909,12269381.0
1753358400000,1753358400000,0.05909,0.06056,0.05703,0.05912,11471413.0
1753380000000,1753380000000,0.05912,0.05959,0.05743,0.05762,3470052.0
1753401600000,1753401600000,0.05762,0.05839,0.05581,0.0576,7231915.0
1753423200000,1753423200000,0.0576,0.06008,0.05698,0.05989,5988493.0
1753444800000,1753444800000,0.05989,0.06055,0.05702,0.05833,5496981.0
1753466400000,1753466400000,0.05833,0.06023,0.05779,0.05975,4624079.0
1753488000000,1753488000000,0.05975,0.0605,0.0594,0.05972,4193516.0
1753509600000,1753509600000,0.05972,0.06029,0.05913,0.05953,3122859.0
1753531200000,1753531200000,0.05953,0.05977,0.05878,0.0594,2930897.0
1753552800000,1753552800000,0.0594,0.06022,0.05889,0.05918,1901900.0
1753574400000,1753574400000,0.05918,0.06065,0.05911,0.0606,1839873.0
1753596000000,1753596000000,0.0606,0.06104,0.05975,0.06048,3821995.0
1753617600000,1753617600000,0.06048,0.06226,0.06001,0.06148,5361008.0
1753639200000,1753639200000,0.06148,0.06181,0.06045,0.0609,2278825.0
1753660800000,1753660800000,0.0609,0.06299,0.06052,0.06281,2812312.0
1753682400000,1753682400000,0.06281,0.0648,0.06169,0.06427,17165099.0
1753704000000,1753704000000,0.06427,0.0645,0.06134,0.06327,18484101.0
1753725600000,1753725600000,0.06327,0.0636,0.05741,0.0582,21755979.0
1753747200000,1753747200000,0.0582,0.05859,0.05607,0.05819,6613244.0
1753768800000,1753768800000,0.05819,0.05984,0.05753,0.05817,5473623.0
1753790400000,1753790400000,0.05817,0.05914,0.05548,0.05651,8300833.0
1753812000000,1753812000000,0.05651,0.05676,0.05441,0.05579,5638124.0
1753833600000,1753833600000,0.05579,0.05697,0.05493,0.05678,2955870.0
1753855200000,1753855200000,0.05678,0.0573,0.05401,0.05444,5199377.0
1753876800000,1753876800000,0.05444,0.05717,0.05401,0.0568,5843229.0
1753898400000,1753898400000,0.0568,0.05749,0.05323,0.05727,9455171.0
1753920000000,1753920000000,0.05727,0.05821,0.05694,0.05781,2457142.0
1753941600000,1753941600000,0.05781,0.05837,0.05693,0.05711,2216951.0
1753963200000,1753963200000,0.05711,0.05734,0.05409,0.05621,6166102.0
1753984800000,1753984800000,0.05621,0.05622,0.05338,0.05368,5737430.0
1754006400000,1754006400000,0.05368,0.0537,0.05125,0.05221,9054062.0
1754028000000,1754028000000,0.05221,0.0527,0.05106,0.05241,4429608.0
1754049600000,1754049600000,0.05241,0.05395,0.05139,0.05236,5971216.0
1754071200000,1754071200000,0.05236,0.05341,0.04945,0.05181,9182453.0
1754092800000,1754092800000,0.05181,0.05229,0.05152,0.0517,1912468.0
1754114400000,1754114400000,0.0517,0.05187,0.05023,0.0509,3587115.0
1754136000000,1754136000000,0.0509,0.05104,0.04958,0.04984,4672733.0
1754157600000,1754157600000,0.04984,0.05059,0.04877,0.05031,8114842.0
1754179200000,1754179200000,0.05031,0.05398,0.04956,0.05198,9187489.0
1754200800000,1754200800000,0.05198,0.05354,0.05178,0.053,4160304.0
1754222400000,1754222400000,0.053,0.05363,0.05259,0.05329,4789475.0
1754244000000,1754244000000,0.05329,0.05386,0.05217,0.05238,5031190.0
1754265600000,1754265600000,0.05238,0.05375,0.05234,0.05306,3396100.0
1754287200000,1754287200000,0.05306,0.05352,0.05256,0.05272,3200501.0
1754308800000,1754308800000,0.05272,0.05481,0.05255,0.05436,6134184.0
1754330400000,1754330400000,0.05436,0.05463,0.05374,0.05445,3721959.0
1754352000000,1754352000000,0.05445,0.05472,0.05342,0.05361,3006984.0
1754373600000,1754373600000,0.05361,0.05463,0.05265,0.05444,4221224.0
1754395200000,1754395200000,0.05444,0.05454,0.05182,0.05246,6401880.0
1754416800000,1754416800000,0.05246,0.05253,0.05107,0.05225,4221738.0
1754438400000,1754438400000,0.05225,0.05259,0.05071,0.05197,4094012.0
1754460000000,1754460000000,0.05197,0.0527,0.05165,0.05208,4191261.0
1754481600000,1754481600000,0.05208,0.05338,0.05148,0.05338,3933106.0
1754503200000,1754503200000,0.05338,0.05366,0.05277,0.05282,1695708.0
1754524800000,1754524800000,0.05282,0.05367,0.05237,0.05317,2430234.0
1754546400000,1754546400000,0.05317,0.0543,0.05253,0.0541,3201279.0
1754568000000,1754568000000,0.0541,0.05438,0.05244,0.05302,3857751.0
1754589600000,1754589600000,0.05302,0.05442,0.05264,0.05435,3142524.0
1754611200000,1754611200000,0.05435,0.05507,0.0538,0.05399,4689770.0
1754632800000,1754632800000,0.05399,0.05509,0.05394,0.05484,2959331.0
1754654400000,1754654400000,0.05484,0.05546,0.05342,0.0552,7563942.0
1754676000000,1754676000000,0.0552,0.05596,0.0547,0.05532,5146141.0
1754697600000,1754697600000,0.05532,0.05692,0.05504,0.05665,5530718.0
1754719200000,1754719200000,0.05665,0.05711,0.0561,0.05659,5297137.0
1754740800000,1754740800000,0.05659,0.05718,0.05558,0.05668,6323597.0
1754762400000,1754762400000,0.05668,0.0584,0.05665,0.05754,19685910.0
1754784000000,1754784000000,0.05754,0.05781,0.05628,0.05637,8551479.0
1754805600000,1754805600000,0.05637,0.05674,0.05461,0.0552,10012566.0
1754827200000,1754827200000,0.0552,0.05622,0.0544,0.05614,6399820.0
1754848800000,1754848800000,0.05614,0.05656,0.05496,0.05596,4464771.0
1754870400000,1754870400000,0.05596,0.05782,0.05569,0.05696,5432475.0
1754892000000,1754892000000,0.05696,0.05722,0.05306,0.0534,7259449.0
1754913600000,1754913600000,0.0534,0.05484,0.05279,0.05372,8431895.0
1754935200000,1754935200000,0.05372,0.05436,0.05189,0.05237,5576566.0
1754956800000,1754956800000,0.05237,0.05335,0.05224,0.05243,2527757.0
1754978400000,1754978400000,0.05243,0.05316,0.05191,0.05288,6483907.0
1755000000000,1755000000000,0.05288,0.05614,0.0524,0.0556,8006660.0
1755021600000,1755021600000,0.0556,0.05667,0.05555,0.05602,4282926.0
1755043200000,1755043200000,0.05602,0.05696,0.05537,0.05615,3834648.0
1755064800000,1755064800000,0.05615,0.06055,0.05581,0.06016,14161821.0
1755086400000,1755086400000,0.06016,0.06184,0.05921,0.05995,18856113.0
1755108000000,1755108000000,0.05995,0.06064,0.05893,0.06021,8922740.0
1755129600000,1755129600000,0.06021,0.06165,0.05962,0.06038,7106413.0
1755151200000,1755151200000,0.06038,0.06375,0.05944,0.06108,61230380.0
1755172800000,1755172800000,0.06108,0.06112,0.05362,0.05436,63044979.0
1755194400000,1755194400000,0.05436,0.05473,0.05284,0.05429,12541866.0
1755216000000,1755216000000,0.05429,0.05534,0.05394,0.05479,8383072.0
1755237600000,1755237600000,0.05479,0.0556,0.05453,0.05472,8899281.0
1755259200000,1755259200000,0.05472,0.05564,0.05101,0.05254,22798349.0
1755280800000,1755280800000,0.05254,0.05366,0.052,0.0535,5675039.0
1755302400000,1755302400000,0.0535,0.05425,0.05341,0.05359,2720005.0
1755324000000,1755324000000,0.05359,0.05421,0.05324,0.05356,4516593.0
1755345600000,1755345600000,0.05356,0.05518,0.05355,0.05465,5970077.0
1755367200000,1755367200000,0.05465,0.05593,0.05447,0.05528,3023215.0
1755388800000,1755388800000,0.05528,0.056,0.05469,0.05571,2324649.0
1755410400000,1755410400000,0.05571,0.05675,0.05552,0.05613,3958880.0
1755432000000,1755432000000,0.05613,0.05691,0.05557,0.05606,2682933.0
1755453600000,1755453600000,0.05606,0.05612,0.05386,0.05476,7004355.0
1755475200000,1755475200000,0.05476,0.055,0.05177,0.05261,5606394.0
1755496800000,1755496800000,0.05261,0.05271,0.05121,0.05213,3669301.0
1755518400000,1755518400000,0.05213,0.05322,0.05161,0.0524,2629056.0
1755540000000,1755540000000,0.0524,0.05323,0.05199,0.05211,2504222.0
1755561600000,1755561600000,0.05211,0.05293,0.05028,0.05123,4321842.0
1755583200000,1755583200000,0.05123,0.05295,0.05066,0.05295,3232593.0
1755604800000,1755604800000,0.05295,0.05312,0.05081,0.0511,4726429.0
1755626400000,1755626400000,0.0511,0.05134,0.04991,0.05052,4079312.0
1755648000000,1755648000000,0.05052,0.05188,0.05005,0.05176,2122500.0
1755669600000,1755669600000,0.05176,0.05276,0.05108,0.0518,3810060.0
1755691200000,1755691200000,0.0518,0.05363,0.05056,0.05348,6312528.0
1755712800000,1755712800000,0.05348,0.05457,0.0525,0.05388,5042628.0
1755734400000,1755734400000,0.05388,0.05459,0.05352,0.05448,3212386.0
1755756000000,1755756000000,0.05448,0.0546,0.05282,0.05309,3105780.0
1755777600000,1755777600000,0.05309,0.05378,0.05217,0.05265,3592005.0
1755799200000,1755799200000,0.05265,0.05337,0.05226,0.05262,2112344.0
1755820800000,1755820800000,0.05262,0.05345,0.05235,0.053,985257.0
1755842400000,1755842400000,0.053,0.05365,0.05189,0.05196,2663061.0
1755864000000,1755864000000,0.05196,0.05761,0.05096,0.05722,15181025.0
1755885600000,1755885600000,0.05722,0.05798,0.05693,0.0577,7949532.0
1755907200000,1755907200000,0.0577,0.05795,0.05587,0.05732,2354798.0
1755928800000,1755928800000,0.05732,0.05746,0.05567,0.05577,2108105.0
1755950400000,1755950400000,0.05577,0.05619,0.05483,0.05502,2662845.0
1755972000000,1755972000000,0.05502,0.0563,0.05483,0.05596,3729824.0
1755993600000,1755993600000,0.05596,0.05621,0.05473,0.05474,1832269.0
1756015200000,1756015200000,0.05474,0.05482,0.0534,0.05383,7349001.0
1756036800000,1756036800000,0.05383,0.05557,0.05375,0.05532,3938355.0
1756058400000,1756058400000,0.05532,0.05675,0.05412,0.05527,10306889.0
1756080000000,1756080000000,0.05527,0.05651,0.05405,0.05482,7146821.0
1756101600000,1756101600000,0.05482,0.05503,0.05208,0.05275,8919437.0
1756123200000,1756123200000,0.05275,0.05345,0.05216,0.05229,3806459.0
1756144800000,1756144800000,0.05229,0.05248,0.0496,0.0505,8011069.0
1756166400000,1756166400000,0.0505,0.05145,0.04979,0.05116,4289202.0
1756188000000,1756188000000,0.05116,0.05181,0.05077,0.05097,2572263.0
1756209600000,1756209600000,0.05097,0.05219,0.0507,0.05177,4124730.0
1756231200000,1756231200000,0.05177,0.05294,0.05177,0.05259,2899877.0
1756252800000,1756252800000,0.05259,0.05313,0.05187,0.05251,1597121.0
1756274400000,1756274400000,0.05251,0.05258,0.05182,0.05214,1280330.0
1756296000000,1756296000000,0.05214,0.05282,0.0517,0.05269,2897666.0
1756317600000,1756317600000,0.05269,0.053,0.05174,0.05215,2961167.0
1756339200000,1756339200000,0.05215,0.05341,0.05172,0.05309,2702983.0
1756360800000,1756360800000,0.05309,0.05355,0.05269,0.05317,3775155.0
1756382400000,1756382400000,0.05317,0.05377,0.05218,0.05257,2672437.0
1756404000000,1756404000000,0.05257,0.05357,0.05208,0.05352,1593058.0
1756425600000,1756425600000,0.05352,0.05376,0.05273,0.05301,1824379.0
1756447200000,1756447200000,0.05301,0.0532,0.05025,0.05122,2777543.0
1756468800000,1756468800000,0.05122,0.05259,0.05015,0.05037,3645195.0
1756490400000,1756490400000,0.05037,0.05131,0.04982,0.05084,2705592.0
1756512000000,1756512000000,0.05084,0.052,0.05004,0.05163,1391593.0
1756533600000,1756533600000,0.05163,0.0522,0.05161,0.052,1727880.0
1756555200000,1756555200000,0.052,0.05223,0.05101,0.05157,1701666.0
1756576800000,1756576800000,0.05157,0.05196,0.05138,0.0519,1751114.0
1756598400000,1756598400000,0.0519,0.05424,0.0519,0.05327,9555270.0
1756620000000,1756620000000,0.05327,0.05446,0.05277,0.05333,17726386.0
1756641600000,1756641600000,0.05333,0.05343,0.05218,0.05269,6640963.0
1756663200000,1756663200000,0.05269,0.05324,0.05164,0.05166,2633280.0
1756684800000,1756684800000,0.05166,0.05166,0.04989,0.05052,7590485.0
1756706400000,1756706400000,0.05052,0.05257,0.04998,0.05068,6475643.0
1756728000000,1756728000000,0.05068,0.05095,0.04936,0.0495,5622660.0
1756749600000,1756749600000,0.0495,0.05016,0.04781,0.04909,6710013.0
1756771200000,1756771200000,0.04909,0.05071,0.04894,0.05047,3089288.0
1756792800000,1756792800000,0.05047,0.05096,0.04994,0.05035,4064115.0
1756814400000,1756814400000,0.05035,0.05116,0.04914,0.05032,5352434.0
1756836000000,1756836000000,0.05032,0.05068,0.04959,0.05047,1266799.0
1756857600000,1756857600000,0.05047,0.0507,0.04968,0.04968,916163.0
1756879200000,1756879200000,0.04968,0.05036,0.04944,0.05003,1643387.0
1756900800000,1756900800000,0.05003,0.05097,0.04972,0.05049,2800624.0
1756922400000,1756922400000,0.05049,0.05062,0.05011,0.05031,693365.0
1756944000000,1756944000000,0.05031,0.05064,0.04846,0.04883,3480098.0
1756965600000,1756965600000,0.04883,0.04954,0.04848,0.04913,2936533.0
1756987200000,1756987200000,0.04913,0.04951,0.04792,0.04815,3744175.0
1757008800000,1757008800000,0.04815,0.04844,0.04774,0.04794,4003200.0
1757030400000,1757030400000,0.04794,0.04966,0.04789,0.049,7566687.0
1757052000000,1757052000000,0.049,0.0498,0.04872,0.04937,1673068.0
1757073600000,1757073600000,0.04937,0.04997,0.04804,0.04844,5651320.0
1757095200000,1757095200000,0.04844,0.04931,0.04833,0.0489,1221258.0
1757116800000,1757116800000,0.0489,0.04931,0.04851,0.04856,1864539.0
1757138400000,1757138400000,0.04856,0.04875,0.04805,0.04845,1043958.0
1757160000000,1757160000000,0.04845,0.04885,0.04809,0.04847,739343.0
1757181600000,1757181600000,0.04847,0.04875,0.04815,0.0484,960801.0
1757203200000,1757203200000,0.0484,0.04918,0.0484,0.04918,1180278.0
1757224800000,1757224800000,0.04918,0.04922,0.04857,0.04891,1427543.0
1757246400000,1757246400000,0.04891,0.04905,0.04826,0.04835,1322004.0
1757268000000,1757268000000,0.04835,0.04914,0.0481,0.04899,2249492.0
1757289600000,1757289600000,0.04899,0.04964,0.04859,0.0491,1200576.0
1757311200000,1757311200000,0.0491,0.05034,0.04885,0.04989,2916077.0
1757332800000,1757332800000,0.04989,0.05081,0.04955,0.05032,2266801.0
1757354400000,1757354400000,0.05032,0.05056,0.04961,0.05052,1327204.0
1757376000000,1757376000000,0.05052,0.05121,0.04988,0.0512,2533085.0
1757397600000,1757397600000,0.0512,0.05287,0.05118,0.05241,4491017.0
1757419200000,1757419200000,0.05241,0.05298,0.05011,0.05032,4135409.0
1757440800000,1757440800000,0.05032,0.05113,0.05012,0.05088,1992607.0
1757462400000,1757462400000,0.05088,0.05138,0.05042,0.05111,2110996.0
1757484000000,1757484000000,0.05111,0.0513,0.05047,0.05075,1402618.0
1757505600000,1757505600000,0.05075,0.05151,0.05047,0.05085,3732538.0
1757527200000,1757527200000,0.05085,0.0509,0.04991,0.05077,2680551.0
1757548800000,1757548800000,0.05077,0.05125,0.0507,0.05085,2739872.0
1757570400000,1757570400000,0.05085,0.05177,0.05053,0.05053,2474839.0
1757592000000,1757592000000,0.05053,0.0512,0.04996,0.05079,2898837.0
1757613600000,1757613600000,0.05079,0.05169,0.05051,0.05153,2074292.0
1757635200000,1757635200000,0.05153,0.05223,0.05102,0.05209,4198249.0
1757656800000,1757656800000,0.05209,0.05225,0.05078,0.05084,4693330.0
1757678400000,1757678400000,0.05084,0.05183,0.05051,0.05168,3255969.0
1757700000000,1757700000000,0.05168,0.05242,0.05147,0.05234,5779174.0
1757721600000,1757721600000,0.05234,0.05307,0.05215,0.05275,3981948.0
1757743200000,1757743200000,0.05275,0.05389,0.05274,0.05331,10367468.0
1757764800000,1757764800000,0.05331,0.055,0.05264,0.05436,18152913.0
1757786400000,1757786400000,0.05436,0.05789,0.05436,0.05634,29905469.0
1757808000000,1757808000000,0.05634,0.05671,0.05493,0.05626,8410296.0
1757829600000,1757829600000,0.05626,0.05643,0.05328,0.05348,5617749.0
1757851200000,1757851200000,0.05348,0.05414,0.05249,0.05397,5376757.0
1757872800000,1757872800000,0.05397,0.05397,0.05266,0.05285,7080147.0
1757894400000,1757894400000,0.05285,0.05386,0.05223,0.0538,5226688.0
1757916000000,1757916000000,0.0538,0.0538,0.05024,0.05042,14838384.0
1757937600000,1757937600000,0.05042,0.05114,0.04936,0.05024,6063857.0
1757959200000,1757959200000,0.05024,0.05124,0.04999,0.05093,2272531.0
1757980800000,1757980800000,0.05093,0.05114,0.04991,0.05107,2532285.0
1758002400000,1758002400000,0.05107,0.0514,0.05046,0.05091,1928836.0
1758024000000,1758024000000,0.05091,0.05556,0.05082,0.0549,41971035.0
1758045600000,1758045600000,0.0549,0.05632,0.0546,0.05488,21101839.0
1758067200000,1758067200000,0.05488,0.05604,0.05348,0.0543,7344928.0
1758088800000,1758088800000,0.0543,0.05468,0.05303,0.05343,4897901.0
1758110400000,1758110400000,0.05343,0.05416,0.05258,0.05294,6253710.0
1758132000000,1758132000000,0.05294,0.05528,0.05278,0.05457,12191577.0
1758153600000,1758153600000,0.05457,0.05508,0.05407,0.05454,2971534.0
1758175200000,1758175200000,0.05454,0.05513,0.05378,0.05435,5139232.0
1758196800000,1758196800000,0.05435,0.05556,0.05419,0.05553,7279651.0
1758218400000,1758218400000,0.05553,0.05587,0.05416,0.05458,9792153.0
1758240000000,1758240000000,0.05458,0.05532,0.05317,0.0541,4060462.0
1758261600000,1758261600000,0.0541,0.0541,0.05272,0.05281,2949127.0
1758283200000,1758283200000,0.05281,0.05317,0.05185,0.05245,4395761.0
1758304800000,1758304800000,0.05245,0.0525,0.05133,0.05166,3638692.0
1758326400000,1758326400000,0.05166,0.05288,0.05133,0.05264,2118568.0
1758348000000,1758348000000,0.05264,0.0528,0.05187,0.0523,1602188.0
1758369600000,1758369600000,0.0523,0.05337,0.05204,0.05304,2115524.0
1758391200000,1758391200000,0.05304,0.05326,0.05235,0.05281,1659488.0
1758412800000,1758412800000,0.05281,0.05316,0.05232,0.05315,1278135.0
1758434400000,1758434400000,0.05315,0.05343,0.05125,0.0515,4282971.0
1758456000000,1758456000000,0.0515,0.052,0.05088,0.05163,3537274.0
1758477600000,1758477600000,0.05163,0.05183,0.05125,0.0515,1685739.0
1758499200000,1758499200000,0.0515,0.05174,0.04853,0.04853,7780022.0
1758520800000,1758520800000,0.04853,0.04856,0.04426,0.04673,18272821.0
1758542400000,1758542400000,0.04673,0.04725,0.04605,0.04636,12214977.0
1758564000000,1758564000000,0.04636,0.04738,0.04602,0.04726,4136293.0
1758585600000,1758585600000,0.04726,0.04731,0.04583,0.04708,2650878.0
1758607200000,1758607200000,0.04708,0.04771,0.04696,0.04727,1445151.0
1758628800000,1758628800000,0.04727,0.04819,0.04664,0.04698,2250823.0
1758650400000,1758650400000,0.04698,0.04723,0.04629,0.04642,2963072.0
1758672000000,1758672000000,0.04642,0.04706,0.04491,0.04652,4792067.0
1758693600000,1758693600000,0.04652,0.04693,0.04632,0.04686,2539656.0
1758715200000,1758715200000,0.04686,0.04758,0.04657,0.04691,4152164.0
1758736800000,1758736800000,0.04691,0.04701,0.04588,0.04631,3495710.0
1758758400000,1758758400000,0.04631,0.04638,0.04442,0.04525,4606552.0
1758780000000,1758780000000,0.04525,0.0455,0.04472,0.04487,3160542.0
1758801600000,1758801600000,0.04487,0.04511,0.0424,0.04268,55609222.0
1758823200000,1758823200000,0.04268,0.04396,0.04244,0.04305,4692026.0
1758844800000,1758844800000,0.04305,0.04382,0.04282,0.04305,3015054.0
1758866400000,1758866400000,0.04305,0.04334,0.04213,0.04303,9080037.0
1758888000000,1758888000000,0.04303,0.0441,0.0422,0.04405,9589704.0
1758909600000,1758909600000,0.04405,0.04423,0.04354,0.04388,4447967.0
1758931200000,1758931200000,0.04388,0.04437,0.04374,0.04409,3105281.0
1758952800000,1758952800000,0.04409,0.04414,0.0431,0.04371,3459827.0
1758974400000,1758974400000,0.04371,0.04435,0.04339,0.04374,2699638.0
1758996000000,1758996000000,0.04374,0.04423,0.04358,0.04381,1073560.0
1759017600000,1759017600000,0.04381,0.04397,0.04324,0.04351,2411721.0
1759039200000,1759039200000,0.04351,0.04392,0.04275,0.04306,2385569.0
1759060800000,1759060800000,0.04306,0.04403,0.04266,0.04391,2402381.0
1759082400000,1759082400000,0.04391,0.04464,0.04384,0.04437,1996336.0
1759104000000,1759104000000,0.04437,0.04441,0.04359,0.04412,1381221.0
1759125600000,1759125600000,0.04412,0.04444,0.04339,0.04382,4364571.0
1759147200000,1759147200000,0.04382,0.04416,0.04243,0.04329,10917275.0
1759168800000,1759168800000,0.04329,0.04408,0.04284,0.0432,3746391.0
1759190400000,1759190400000,0.0432,0.04366,0.04267,0.04356,3903855.0
1759212000000,1759212000000,0.04356,0.04365,0.04282,0.04314,1836463.0
1759233600000,1759233600000,0.04314,0.04314,0.04159,0.04214,8213149.0
1759255200000,1759255200000,0.04214,0.04339,0.04192,0.04296,1878099.0
1759276800000,1759276800000,0.04296,0.04333,0.04255,0.0431,4240614.0
1759298400000,1759298400000,0.0431,0.04493,0.04266,0.04493,5468794.0
1759320000000,1759320000000,0.04493,0.04515,0.04414,0.04493,4983130.0
1759341600000,1759341600000,0.04493,0.04573,0.04491,0.04564,1521558.0
1759363200000,1759363200000,0.04564,0.0467,0.04538,0.04648,2305115.0
1759384800000,1759384800000,0.04648,0.04686,0.04605,0.04645,2846261.0
1759406400000,1759406400000,0.04645,0.0467,0.04538,0.04659,3431407.0
1759428000000,1759428000000,0.04659,0.04731,0.04659,0.04713,2315861.0
1759449600000,1759449600000,0.04713,0.04772,0.04661,0.04719,3225217.0
1759471200000,1759471200000,0.04719,0.04737,0.04637,0.04678,2167213.0
1759492800000,1759492800000,0.04678,0.04843,0.04651,0.04713,6623410.0
1759514400000,1759514400000,0.04713,0.04781,0.04685,0.04751,1722977.0
1759536000000,1759536000000,0.04751,0.04774,0.04658,0.04706,1301312.0
1759557600000,1759557600000,0.04706,0.0474,0.0462,0.04646,1911392.0
1759579200000,1759579200000,0.04646,0.04679,0.0454,0.04575,3435430.0
1759600800000,1759600800000,0.04575,0.0462,0.04562,0.04595,1024937.0
1759622400000,1759622400000,0.04595,0.04737,0.04553,0.04729,3020625.0
1759644000000,1759644000000,0.04729,0.04777,0.04636,0.04677,4131970.0
1759665600000,1759665600000,0.04677,0.04682,0.04535,0.04547,3019781.0
1759687200000,1759687200000,0.04547,0.04576,0.0446,0.04491,5293438.0
1759708800000,1759708800000,0.04491,0.04557,0.04467,0.04521,2691393.0
1759730400000,1759730400000,0.04521,0.05007,0.04509,0.04573,9390049.0
1759752000000,1759752000000,0.04573,0.05039,0.04569,0.04848,42697245.0
1759773600000,1759773600000,0.04848,0.04866,0.04775,0.04793,5084235.0
1759795200000,1759795200000,0.04793,0.04871,0.04751,0.04807,6988502.0
1759816800000,1759816800000,0.04807,0.0482,0.0469,0.04813,7000703.0
1759838400000,1759838400000,0.04813,0.04835,0.04459,0.0452,15058532.0
1759860000000,1759860000000,0.0452,0.04585,0.04479,0.04505,3763579.0
1759881600000,1759881600000,0.04505,0.04612,0.04458,0.04476,5971821.0
1759903200000,1759903200000,0.04476,0.04638,0.04458,0.04592,5786388.0
1759924800000,1759924800000,0.04592,0.04828,0.04567,0.04817,7996229.0
1759946400000,1759946400000,0.04817,0.05109,0.04748,0.05087,19574743.0
1759968000000,1759968000000,0.05087,0.05307,0.04987,0.05297,43574643.0
1759989600000,1759989600000,0.05297,0.05334,0.049,0.05101,75922542.0
1760011200000,1760011200000,0.05101,0.05157,0.04833,0.04994,25931335.0
1760032800000,1760032800000,0.04994,0.05026,0.04907,0.04966,9135957.0
1760054400000,1760054400000,0.04966,0.05162,0.04952,0.05085,12086266.0
1760076000000,1760076000000,0.05085,0.0514,0.04934,0.05086,11133134.0
1760097600000,1760097600000,0.05086,0.05419,0.04968,0.05065,87140473.0
1760119200000,1760119200000,0.05065,0.05095,0.01882,0.03659,125862280.0
1760140800000,1760140800000,0.03659,0.03741,0.03405,0.03668,26908233.0
1760162400000,1760162400000,0.03668,0.03751,0.03557,0.03617,17369629.0
1760184000000,1760184000000,0.03617,0.03741,0.03515,0.03664,13038341.0
1760205600000,1760205600000,0.03664,0.03664,0.03328,0.03499,14003704.0
1760227200000,1760227200000,0.03499,0.03587,0.03415,0.03538,12612633.0
1760248800000,1760248800000,0.03538,0.03595,0.03479,0.03564,9270460.0
1760270400000,1760270400000,0.03564,0.03846,0.03455,0.03788,16959927.0
1760292000000,1760292000000,0.03788,0.03895,0.03723,0.03804,12097503.0
1760313600000,1760313600000,0.03804,0.0393,0.0373,0.03821,8543364.0
1760335200000,1760335200000,0.03821,0.03944,0.03735,0.03821,11814631.0
1760356800000,1760356800000,0.03821,0.03956,0.03751,0.03955,12269528.0
1760378400000,1760378400000,0.03955,0.04081,0.03908,0.04049,6999068.0
1760400000000,1760400000000,0.04049,0.04082,0.0377,0.03801,7005508.0
1760421600000,1760421600000,0.03801,0.03823,0.03567,0.03709,12504150.0
1760443200000,1760443200000,0.03709,0.03973,0.03635,0.03904,15101464.0
1760464800000,1760464800000,0.03904,0.03955,0.03814,0.0392,5256241.0
1760486400000,1760486400000,0.0392,0.03963,0.03845,0.03906,2002476.0
1760508000000,1760508000000,0.03906,0.03965,0.03804,0.03828,4192948.0
1760529600000,1760529600000,0.03828,0.03861,0.03723,0.03809,8359966.0
1760551200000,1760551200000,0.03809,0.0382,0.0362,0.03701,12393250.0
1760572800000,1760572800000,0.03701,0.03773,0.03659,0.03723,2791113.0
1760594400000,1760594400000,0.03723,0.03778,0.03522,0.03741,8811232.0
1760616000000,1760616000000,0.03741,0.03773,0.03481,0.03548,7155936.0
1760637600000,1760637600000,0.03548,0.03586,0.0343,0.03482,5463229.0
1760659200000,1760659200000,0.03482,0.03543,0.03474,0.03505,1825434.0
